INSERT INTO tbprefix VALUES
(1,'นาย','Mister'),
(2,'นางสาว','Miss'),
(3,'นาง','Mrs.'),
(4,'เด็กชาย','Master.'),
(5,'เด็กหญิง','Miss');
/*---------------------------------------------tbprice_unit--------------------------------------------------------------------*/
INSERT INTO tbprice_unit(unit_name) VALUES 
('บาท'),('สตางค์');
/*---------------------------------------------tbcategory-----------------------------------------------------------------------*/
INSERT INTO tbcategory(category_id,category_name) VALUES 
(101,'ภาษา'),(102,'กีฬา'),(103,'การ์ตูน'),(104,'ท่องเที่ยว'),(105,'การศึกษา'),(106,'นิยาย'),(107,'ความรู้รอบตัว');
/*-----------------------------------------------tbbook_unit----------------------------------------------------------------------*/
INSERT INTO tbbook_unit(bookunit_name) VALUES 
('เล่ม'),('กอง'),('แผ่น');
/*-----------------------------------------------tbstatus_book_asset--------------------------------------------------------------*/
INSERT INTO tbstatus_book_asset(status_book_asset_id,status_name) VALUES 
(21,'สมบรูณ์'),(22,'เสียหาย'), (23,'มีตำหนิ'), (24,'สูญหาย'),(25,'ยังไม่คืน');
/*------------------------------------------------tbemployee-----------------------------------------------------------------------*/
INSERT INTO tbemployee VALUES 
('em101','สมชาย','เกลี้ยงเพลอ','niszi@hotmail.com','0834016681','สงขลา',1),
('em102','สมหมาย','หมายพอง','som@hotmail.com','0834776681','พัทลุง',1),
('em103','สุชาดา','ดีเลิศ','suchada@hotmail.com','0834451412','กรุงเทพมหานคร',2),
('em104','สุพรรษา','ใจงาม','supansa_jai@hotmail.com','0834431512','สงขลา',3),
('em105','กรรนิกา','ใจดี','kannika@hotmail.com','0844315126','นครศรีธรรมราช',5),
('em106','กรวี','จุงใจ','korawee@hotmail.com','0844316155','ยะลา',4);
/*------------------------------------------------tbperson------------------------------------------------------------------------*/
INSERT INTO tbperson VALUES 
('pe101','สมชาติ','หมอนทอง','0965578748',1),
('pe102','สมจิต','จงหอน','0834589874',1),
('pe103','สุชาวดี','ดีมาก','0845687988',2),
('pe104','สุพรรนา','ใจงาม','0834431512',3),
('pe105','กรรนิสา','ใจมาร','0894315126',5),
('pe106','กรที','จุงมาก','0854316155',4);
/*-------------------------------------------------tbprice-------------------------------------------------------------------------*/
INSERT INTO tbprice(price_name,price_unit_id) VALUES 
(500,1),(1000,1),(50,2),(200,1),(1000,2),(1500,1),(2000,2),(3000,1),(1500,2),(1600,1);
/*------------------------------------------------tbbook_name----------------------------------------------------------------------*/
INSERT INTO tbbook_name(book_name,book_unit_id,category_id) VALUES
('การท่องเที่ยวไทย',1,104),('มุ่งตะลุยโจทย์คณิต',2,105),('หนูน้อยหมวกแดง',1,103),('เจาะลึกฟุตบอล',3,102),('การดัดแปลงของใช่',1,107),
('นิยายข้ามภพ',1,106),('ความรู้เมืองโตเกียว',1,104),('ลูกหมูสามตัว',3,103),('ภาษาอังกฤษง่ายๆ',2,101),('นิยายหมอสองภพ',1,106);
/*-------------------------------------------------tblist--------------------------------------------------------------------------*/
INSERT INTO tblist(list_amount,book_name_id) VALUES 
(20,1),(25,2),(10,3),(5,4),(5,5),(4,6),(2,7),(2,8),(0,9),(18,10);
/*------------------------------------------------tbofferprice-----------------------------------------------------------------------*/
INSERT INTO tbofferprice VALUES
(300,'บริษัทซีเอ็ตบุ๊ก','สงขลา','2021-07-24',20,'-','2021-07-28',1),
(320,'บริษัทB2S','พัทลุง','2021-07-24',30,'-','2021-07-28',2),
(321,'บริษัทนายอินทร์','ยะลา','2021-07-25',10,'-','2021-07-28',3),
(322,'บริษัทหนอนหนังสือ','ตรัง','2021-07-25',1,'-','2021-07-28',4),
(323,'บริษัทรักการอ่าน','ภูเก็ต','2021-07-25',5,'-','2021-07-30',5),
(324,'บริษัทหนังสือเพื่อนรัก','กรุงเทพมหานคร','2021-07-26',5,'-','2021-07-30',6),
(325,'บริษัทบ้านการ์ตูน','ชัยภูมิ','2021-07-26',4,'-','2021-07-28',7),
(326,'บริษัทลิ้นติดไฟ','นครศรีธรรมราช','2021-07-26',3,'-','2021-07-30',8),
(327,'บริษัทเจ้าแม่เนื้อทอง','สงขลา','2021-07-27',2,'-','2021-07-30',9),
(328,'บริษัทพิมพ์ทำไม','พัทลุง','2021-07-27',3,'-','2021-07-30',10);
/*----------------------------------------------tbbook_asset------------------------------------------------------------------------*/
INSERT INTO tbbook_asset VALUES 
('2310-0003','LXTVQF93B2000','4180',50,21,1),
('2310-0004','LXTVQF93B2002','4181',5,25,2),
('2310-0005','LXTVQF93B2003','4182',4,25,3),
('2310-0006','LXTVQF93B2004','4183',15,24,4),
('2310-0007','LXTVQF93B2005','4184',7,21,5),
('2310-0008','LXTVQF93B2006','4185',4,23,6),
('2310-0009','LXTVQF93B2007','4186',21,23,7),
('2310-0010','LXTVQF93B2008','4187',30,21,8),
('2310-0011','LXTVQF93B2009','4188',10,22,9),
('2310-0012','LXTVQF93B2010','4189',15,22,10);
/*----------------------------------------------tbborrow-----------------------------------------------------------------------------*/
INSERT INTO tbborrow(bor_date,bor_back,bor_amount,emp_id,person_id,bookasset_id,price_id) VALUES
('2021-04-18','2021-05,15',10,'em101','pe101','2310-0003',1),
('2021-04-19','2021-05,16',3,'em102','pe102','2310-0004',2),
('2021-04-20','2021-05,17',1,'em103','pe103','2310-0005',3),
('2021-04-21','2021-05,18',15,'em104','pe104','2310-0006',4),
('2021-04-22','2021-05,19',7,'em105','pe105','2310-0007',5),
('2021-04-23','2021-05,20',2,'em106','pe106','2310-0008',6);